ID,Station,Section,Side,X,Y,Z
1,0,0,C,36500.0,0.0,1596.22
2,0,1,C,36409.09,0.0,1583.7
3,0,2,C,36318.18,0.0,1571.63
4,0,3,C,36227.27,0.0,1559.98
5,0,4,C,36136.36,0.0,1548.74
6,0,5,C,36045.45,0.0,1537.89
7,0,6,C,35954.55,0.0,1527.41
8,0,7,C,35863.64,0.0,1517.31
9,0,8,C,35772.73,0.0,1507.57
10,0,9,C,35681.82,0.0,1498.2
11,0,10,C,35590.91,0.0,1489.2
12,0,11,C,35500.0,0.0,1480.59
13,0,12,C,35409.09,0.0,1472.38
14,0,13,C,35318.18,0.0,1464.6
15,0,14,C,35227.27,0.0,1457.27
16,0,15,C,35136.36,0.0,1450.43
17,0,16,C,35045.45,0.0,1444.12
18,0,17,C,34954.55,0.0,1438.39
19,0,18,C,34863.64,0.0,1433.28
20,0,19,C,34772.73,0.0,1428.88
21,0,20,C,34681.82,0.0,1425.25
22,0,21,C,34590.91,0.0,1422.48
23,0,22,C,34500.0,0.0,1420.67
24,0,23,C,34409.09,0.0,1419.96
25,0,24,C,34318.18,0.0,1420.47
26,0,25,C,34227.27,0.0,1422.39
27,0,26,C,34136.36,0.0,1425.94
28,0,27,C,34045.45,0.0,1431.4
29,0,28,C,33954.55,0.0,1439.19
30,0,29,C,33863.64,0.0,1449.86
31,0,30,C,33772.73,0.0,1464.34
32,0,31,C,33681.82,0.0,1484.39
33,0,32,C,33590.91,0.0,1514.41
34,0,33,C,33500.0,0.0,1600.0
35,0,34,C,33590.91,0.0,1685.59
36,0,35,C,33681.82,0.0,1715.61
37,0,36,C,33772.73,0.0,1735.66
38,0,37,C,33863.64,0.0,1750.14
39,0,38,C,33954.55,0.0,1760.81
40,0,39,C,34045.45,0.0,1768.6
41,0,40,C,34136.36,0.0,1774.06
42,0,41,C,34227.27,0.0,1777.61
43,0,42,C,34318.18,0.0,1779.53
44,0,43,C,34409.09,0.0,1780.04
45,0,44,C,34500.0,0.0,1779.33
46,0,45,C,34590.91,0.0,1777.52
47,0,46,C,34681.82,0.0,1774.75
48,0,47,C,34772.73,0.0,1771.12
49,0,48,C,34863.64,0.0,1766.72
50,0,49,C,34954.55,0.0,1761.61
51,0,50,C,35045.45,0.0,1755.88
52,0,51,C,35136.36,0.0,1749.57
53,0,52,C,35227.27,0.0,1742.73
54,0,53,C,35318.18,0.0,1735.4
55,0,54,C,35409.09,0.0,1727.62
56,0,55,C,35500.0,0.0,1719.41
57,0,56,C,35590.91,0.0,1710.8
58,0,57,C,35681.82,0.0,1701.8
59,0,58,C,35772.73,0.0,1692.43
60,0,59,C,35863.64,0.0,1682.69
61,0,60,C,35954.55,0.0,1672.59
62,0,61,C,36045.45,0.0,1662.11
63,0,62,C,36136.36,0.0,1651.26
64,0,63,C,36227.27,0.0,1640.02
65,0,64,C,36318.18,0.0,1628.37
66,0,65,C,36409.09,0.0,1616.3
67,0,66,C,36500.0,0.0,1603.78
68,1,0,R,36705.5,778.12,1596.53
69,1,1,R,36621.98,778.12,1585.02
70,1,2,R,36538.46,778.12,1573.93
71,1,3,R,36454.93,778.12,1563.23
72,1,4,R,36371.41,778.12,1552.91
73,1,5,R,36287.89,778.12,1542.94
74,1,6,R,36204.36,778.12,1533.31
75,1,7,R,36120.84,778.12,1524.03
76,1,8,R,36037.32,778.12,1515.08
77,1,9,R,35953.8,778.12,1506.47
78,1,10,R,35870.27,778.12,1498.2
79,1,11,R,35786.75,778.12,1490.29
80,1,12,R,35703.23,778.12,1482.75
81,1,13,R,35619.71,778.12,1475.6
82,1,14,R,35536.18,778.12,1468.87
83,1,15,R,35452.66,778.12,1462.59
84,1,16,R,35369.14,778.12,1456.79
85,1,17,R,35285.61,778.12,1451.52
86,1,18,R,35202.09,778.12,1446.83
87,1,19,R,35118.57,778.12,1442.78
88,1,20,R,35035.05,778.12,1439.45
89,1,21,R,34951.52,778.12,1436.9
90,1,22,R,34868.0,778.12,1435.24
91,1,23,R,34784.48,778.12,1434.58
92,1,24,R,34700.96,778.12,1435.05
93,1,25,R,34617.43,778.12,1436.82
94,1,26,R,34533.91,778.12,1440.08
95,1,27,R,34450.39,778.12,1445.1
96,1,28,R,34366.86,778.12,1452.25
97,1,29,R,34283.34,778.12,1462.06
98,1,30,R,34199.82,778.12,1475.37
99,1,31,R,34116.3,778.12,1493.79
100,1,32,R,34032.77,778.12,1521.36
101,1,33,R,33949.25,778.12,1600.0
102,1,34,R,34032.77,778.12,1678.64
103,1,35,R,34116.3,778.12,1706.21
104,1,36,R,34199.82,778.12,1724.63
105,1,37,R,34283.34,778.12,1737.94
106,1,38,R,34366.86,778.12,1747.75
107,1,39,R,34450.39,778.12,1754.9
108,1,40,R,34533.91,778.12,1759.92
109,1,41,R,34617.43,778.12,1763.18
110,1,42,R,34700.96,778.12,1764.95
111,1,43,R,34784.48,778.12,1765.42
112,1,44,R,34868.0,778.12,1764.76
113,1,45,R,34951.52,778.12,1763.1
114,1,46,R,35035.05,778.12,1760.55
115,1,47,R,35118.57,778.12,1757.22
116,1,48,R,35202.09,778.12,1753.17
117,1,49,R,35285.61,778.12,1748.48
118,1,50,R,35369.14,778.12,1743.21
119,1,51,R,35452.66,778.12,1737.41
120,1,52,R,35536.18,778.12,1731.13
121,1,53,R,35619.71,778.12,1724.4
122,1,54,R,35703.23,778.12,1717.25
123,1,55,R,35786.75,778.12,1709.71
124,1,56,R,35870.27,778.12,1701.8
125,1,57,R,35953.8,778.12,1693.53
126,1,58,R,36037.32,778.12,1684.92
127,1,59,R,36120.84,778.12,1675.97
128,1,60,R,36204.36,778.12,1666.69
129,1,61,R,36287.89,778.12,1657.06
130,1,62,R,36371.41,778.12,1647.09
131,1,63,R,36454.93,778.12,1636.77
132,1,64,R,36538.46,778.12,1626.07
133,1,65,R,36621.98,778.12,1614.98
134,1,66,R,36705.5,778.12,1603.47
135,2,0,R,36911.0,1556.25,1596.83
136,2,1,R,36834.86,1556.25,1586.35
137,2,2,R,36758.73,1556.25,1576.24
138,2,3,R,36682.59,1556.25,1566.49
139,2,4,R,36606.46,1556.25,1557.07
140,2,5,R,36530.32,1556.25,1547.98
141,2,6,R,36454.18,1556.25,1539.21
142,2,7,R,36378.05,1556.25,1530.75
143,2,8,R,36301.91,1556.25,1522.59
144,2,9,R,36225.77,1556.25,1514.74
145,2,10,R,36149.64,1556.25,1507.21
146,2,11,R,36073.5,1556.25,1499.99
147,2,12,R,35997.36,1556.25,1493.12
148,2,13,R,35921.23,1556.25,1486.6
149,2,14,R,35845.09,1556.25,1480.47
150,2,15,R,35768.96,1556.25,1474.74
151,2,16,R,35692.82,1556.25,1469.45
152,2,17,R,35616.68,1556.25,1464.65
153,2,18,R,35540.55,1556.25,1460.38
154,2,19,R,35464.41,1556.25,1456.69
155,2,20,R,35388.27,1556.25,1453.65
156,2,21,R,35312.14,1556.25,1451.33
157,2,22,R,35236.0,1556.25,1449.82
158,2,23,R,35159.86,1556.25,1449.21
159,2,24,R,35083.73,1556.25,1449.64
160,2,25,R,35007.59,1556.25,1451.25
161,2,26,R,34931.46,1556.25,1454.22
162,2,27,R,34855.32,1556.25,1458.8
163,2,28,R,34779.18,1556.25,1465.32
164,2,29,R,34703.05,1556.25,1474.25
165,2,30,R,34626.91,1556.25,1486.39
166,2,31,R,34550.77,1556.25,1503.18
167,2,32,R,34474.64,1556.25,1528.32
168,2,33,R,34398.5,1556.25,1600.0
169,2,34,R,34474.64,1556.25,1671.68
170,2,35,R,34550.77,1556.25,1696.82
171,2,36,R,34626.91,1556.25,1713.61
172,2,37,R,34703.05,1556.25,1725.75
173,2,38,R,34779.18,1556.25,1734.68
174,2,39,R,34855.32,1556.25,1741.2
175,2,40,R,34931.46,1556.25,1745.78
176,2,41,R,35007.59,1556.25,1748.75
177,2,42,R,35083.73,1556.25,1750.36
178,2,43,R,35159.86,1556.25,1750.79
179,2,44,R,35236.0,1556.25,1750.18
180,2,45,R,35312.14,1556.25,1748.67
181,2,46,R,35388.27,1556.25,1746.35
182,2,47,R,35464.41,1556.25,1743.31
183,2,48,R,35540.55,1556.25,1739.62
184,2,49,R,35616.68,1556.25,1735.35
185,2,50,R,35692.82,1556.25,1730.55
186,2,51,R,35768.96,1556.25,1725.26
187,2,52,R,35845.09,1556.25,1719.53
188,2,53,R,35921.23,1556.25,1713.4
189,2,54,R,35997.36,1556.25,1706.88
190,2,55,R,36073.5,1556.25,1700.01
191,2,56,R,36149.64,1556.25,1692.79
192,2,57,R,36225.77,1556.25,1685.26
193,2,58,R,36301.91,1556.25,1677.41
194,2,59,R,36378.05,1556.25,1669.25
195,2,60,R,36454.18,1556.25,1660.79
196,2,61,R,36530.32,1556.25,1652.02
197,2,62,R,36606.46,1556.25,1642.93
198,2,63,R,36682.59,1556.25,1633.51
199,2,64,R,36758.73,1556.25,1623.76
200,2,65,R,36834.86,1556.25,1613.65
201,2,66,R,36911.0,1556.25,1603.17
202,3,0,R,37116.5,2334.38,1597.14
203,3,1,R,37047.75,2334.38,1587.67
204,3,2,R,36979.0,2334.38,1578.54
205,3,3,R,36910.25,2334.38,1569.74
206,3,4,R,36841.5,2334.38,1561.24
207,3,5,R,36772.75,2334.38,1553.03
208,3,6,R,36704.0,2334.38,1545.11
209,3,7,R,36635.25,2334.38,1537.46
210,3,8,R,36566.5,2334.38,1530.1
211,3,9,R,36497.75,2334.38,1523.01
212,3,10,R,36429.0,2334.38,1516.21
213,3,11,R,36360.25,2334.38,1509.7
214,3,12,R,36291.5,2334.38,1503.49
215,3,13,R,36222.75,2334.38,1497.61
216,3,14,R,36154.0,2334.38,1492.06
217,3,15,R,36085.25,2334.38,1486.89
218,3,16,R,36016.5,2334.38,1482.12
219,3,17,R,35947.75,2334.38,1477.78
220,3,18,R,35879.0,2334.38,1473.92
221,3,19,R,35810.25,2334.38,1470.59
222,3,20,R,35741.5,2334.38,1467.84
223,3,21,R,35672.75,2334.38,1465.75
224,3,22,R,35604.0,2334.38,1464.39
225,3,23,R,35535.25,2334.38,1463.84
226,3,24,R,35466.5,2334.38,1464.23
227,3,25,R,35397.75,2334.38,1465.68
228,3,26,R,35329.0,2334.38,1468.36
229,3,27,R,35260.25,2334.38,1472.5
230,3,28,R,35191.5,2334.38,1478.38
231,3,29,R,35122.75,2334.38,1486.45
232,3,30,R,35054.0,2334.38,1497.41
233,3,31,R,34985.25,2334.38,1512.57
234,3,32,R,34916.5,2334.38,1535.27
235,3,33,R,34847.75,2334.38,1600.0
236,3,34,R,34916.5,2334.38,1664.73
237,3,35,R,34985.25,2334.38,1687.43
238,3,36,R,35054.0,2334.38,1702.59
239,3,37,R,35122.75,2334.38,1713.55
240,3,38,R,35191.5,2334.38,1721.62
241,3,39,R,35260.25,2334.38,1727.5
242,3,40,R,35329.0,2334.38,1731.64
243,3,41,R,35397.75,2334.38,1734.32
244,3,42,R,35466.5,2334.38,1735.77
245,3,43,R,35535.25,2334.38,1736.16
246,3,44,R,35604.0,2334.38,1735.61
247,3,45,R,35672.75,2334.38,1734.25
248,3,46,R,35741.5,2334.38,1732.16
249,3,47,R,35810.25,2334.38,1729.41
250,3,48,R,35879.0,2334.38,1726.08
251,3,49,R,35947.75,2334.38,1722.22
252,3,50,R,36016.5,2334.38,1717.88
253,3,51,R,36085.25,2334.38,1713.11
254,3,52,R,36154.0,2334.38,1707.94
255,3,53,R,36222.75,2334.38,1702.39
256,3,54,R,36291.5,2334.38,1696.51
257,3,55,R,36360.25,2334.38,1690.3
258,3,56,R,36429.0,2334.38,1683.79
259,3,57,R,36497.75,2334.38,1676.99
260,3,58,R,36566.5,2334.38,1669.9
261,3,59,R,36635.25,2334.38,1662.54
262,3,60,R,36704.0,2334.38,1654.89
263,3,61,R,36772.75,2334.38,1646.97
264,3,62,R,36841.5,2334.38,1638.76
265,3,63,R,36910.25,2334.38,1630.26
266,3,64,R,36979.0,2334.38,1621.46
267,3,65,R,37047.75,2334.38,1612.33
268,3,66,R,37116.5,2334.38,1602.86
269,4,0,R,37322.0,3112.5,1597.45
270,4,1,R,37260.64,3112.5,1589.0
271,4,2,R,37199.28,3112.5,1580.85
272,4,3,R,37137.91,3112.5,1572.99
273,4,4,R,37076.55,3112.5,1565.4
274,4,5,R,37015.18,3112.5,1558.08
275,4,6,R,36953.82,3112.5,1551.0
276,4,7,R,36892.46,3112.5,1544.18
277,4,8,R,36831.09,3112.5,1537.61
278,4,9,R,36769.73,3112.5,1531.28
279,4,10,R,36708.37,3112.5,1525.21
280,4,11,R,36647.0,3112.5,1519.4
281,4,12,R,36585.64,3112.5,1513.86
282,4,13,R,36524.28,3112.5,1508.61
283,4,14,R,36462.91,3112.5,1503.66
284,4,15,R,36401.55,3112.5,1499.04
285,4,16,R,36340.18,3112.5,1494.78
286,4,17,R,36278.82,3112.5,1490.91
287,4,18,R,36217.46,3112.5,1487.47
288,4,19,R,36156.09,3112.5,1484.49
289,4,20,R,36094.73,3112.5,1482.04
290,4,21,R,36033.37,3112.5,1480.17
291,4,22,R,35972.0,3112.5,1478.96
292,4,23,R,35910.64,3112.5,1478.47
293,4,24,R,35849.28,3112.5,1478.81
294,4,25,R,35787.91,3112.5,1480.11
295,4,26,R,35726.55,3112.5,1482.51
296,4,27,R,35665.18,3112.5,1486.2
297,4,28,R,35603.82,3112.5,1491.45
298,4,29,R,35542.46,3112.5,1498.65
299,4,30,R,35481.09,3112.5,1508.43
300,4,31,R,35419.73,3112.5,1521.97
301,4,32,R,35358.37,3112.5,1542.23
302,4,33,R,35297.0,3112.5,1600.0
303,4,34,R,35358.37,3112.5,1657.77
304,4,35,R,35419.73,3112.5,1678.03
305,4,36,R,35481.09,3112.5,1691.57
306,4,37,R,35542.46,3112.5,1701.35
307,4,38,R,35603.82,3112.5,1708.55
308,4,39,R,35665.18,3112.5,1713.8
309,4,40,R,35726.55,3112.5,1717.49
310,4,41,R,35787.91,3112.5,1719.89
311,4,42,R,35849.28,3112.5,1721.19
312,4,43,R,35910.64,3112.5,1721.53
313,4,44,R,35972.0,3112.5,1721.04
314,4,45,R,36033.37,3112.5,1719.83
315,4,46,R,36094.73,3112.5,1717.96
316,4,47,R,36156.09,3112.5,1715.51
317,4,48,R,36217.46,3112.5,1712.53
318,4,49,R,36278.82,3112.5,1709.09
319,4,50,R,36340.18,3112.5,1705.22
320,4,51,R,36401.55,3112.5,1700.96
321,4,52,R,36462.91,3112.5,1696.34
322,4,53,R,36524.28,3112.5,1691.39
323,4,54,R,36585.64,3112.5,1686.14
324,4,55,R,36647.0,3112.5,1680.6
325,4,56,R,36708.37,3112.5,1674.79
326,4,57,R,36769.73,3112.5,1668.72
327,4,58,R,36831.09,3112.5,1662.39
328,4,59,R,36892.46,3112.5,1655.82
329,4,60,R,36953.82,3112.5,1649.0
330,4,61,R,37015.18,3112.5,1641.92
331,4,62,R,37076.55,3112.5,1634.6
332,4,63,R,37137.91,3112.5,1627.01
333,4,64,R,37199.28,3112.5,1619.15
334,4,65,R,37260.64,3112.5,1611.0
335,4,66,R,37322.0,3112.5,1602.55
336,5,0,R,37527.5,3890.62,1597.76
337,5,1,R,37473.53,3890.62,1590.32
338,5,2,R,37419.55,3890.62,1583.15
339,5,3,R,37365.57,3890.62,1576.24
340,5,4,R,37311.59,3890.62,1569.57
341,5,5,R,37257.62,3890.62,1563.12
342,5,6,R,37203.64,3890.62,1556.9
343,5,7,R,37149.66,3890.62,1550.9
344,5,8,R,37095.69,3890.62,1545.12
345,5,9,R,37041.71,3890.62,1539.55
346,5,10,R,36987.73,3890.62,1534.21
347,5,11,R,36933.75,3890.62,1529.1
348,5,12,R,36879.78,3890.62,1524.23
349,5,13,R,36825.8,3890.62,1519.61
350,5,14,R,36771.82,3890.62,1515.26
351,5,15,R,36717.84,3890.62,1511.2
352,5,16,R,36663.87,3890.62,1507.45
353,5,17,R,36609.89,3890.62,1504.04
354,5,18,R,36555.91,3890.62,1501.01
355,5,19,R,36501.94,3890.62,1498.4
356,5,20,R,36447.96,3890.62,1496.24
357,5,21,R,36393.98,3890.62,1494.6
358,5,22,R,36340.0,3890.62,1493.53
359,5,23,R,36286.03,3890.62,1493.1
360,5,24,R,36232.05,3890.62,1493.4
361,5,25,R,36178.07,3890.62,1494.54
362,5,26,R,36124.09,3890.62,1496.65
363,5,27,R,36070.12,3890.62,1499.9
364,5,28,R,36016.14,3890.62,1504.52
365,5,29,R,35962.16,3890.62,1510.85
366,5,30,R,35908.19,3890.62,1519.45
367,5,31,R,35854.21,3890.62,1531.36
368,5,32,R,35800.23,3890.62,1549.18
369,5,33,R,35746.25,3890.62,1600.0
370,5,34,R,35800.23,3890.62,1650.82
371,5,35,R,35854.21,3890.62,1668.64
372,5,36,R,35908.19,3890.62,1680.55
373,5,37,R,35962.16,3890.62,1689.15
374,5,38,R,36016.14,3890.62,1695.48
375,5,39,R,36070.12,3890.62,1700.1
376,5,40,R,36124.09,3890.62,1703.35
377,5,41,R,36178.07,3890.62,1705.46
378,5,42,R,36232.05,3890.62,1706.6
379,5,43,R,36286.03,3890.62,1706.9
380,5,44,R,36340.0,3890.62,1706.47
381,5,45,R,36393.98,3890.62,1705.4
382,5,46,R,36447.96,3890.62,1703.76
383,5,47,R,36501.94,3890.62,1701.6
384,5,48,R,36555.91,3890.62,1698.99
385,5,49,R,36609.89,3890.62,1695.96
386,5,50,R,36663.87,3890.62,1692.55
387,5,51,R,36717.84,3890.62,1688.8
388,5,52,R,36771.82,3890.62,1684.74
389,5,53,R,36825.8,3890.62,1680.39
390,5,54,R,36879.78,3890.62,1675.77
391,5,55,R,36933.75,3890.62,1670.9
392,5,56,R,36987.73,3890.62,1665.79
393,5,57,R,37041.71,3890.62,1660.45
394,5,58,R,37095.69,3890.62,1654.88
395,5,59,R,37149.66,3890.62,1649.1
396,5,60,R,37203.64,3890.62,1643.1
397,5,61,R,37257.62,3890.62,1636.88
398,5,62,R,37311.59,3890.62,1630.43
399,5,63,R,37365.57,3890.62,1623.76
400,5,64,R,37419.55,3890.62,1616.85
401,5,65,R,37473.53,3890.62,1609.68
402,5,66,R,37527.5,3890.62,1602.24
403,6,0,R,37733.0,4668.75,1598.06
404,6,1,R,37686.41,4668.75,1591.65
405,6,2,R,37639.82,4668.75,1585.46
406,6,3,R,37593.23,4668.75,1579.49
407,6,4,R,37546.64,4668.75,1573.73
408,6,5,R,37500.05,4668.75,1568.17
409,6,6,R,37453.46,4668.75,1562.8
410,6,7,R,37406.87,4668.75,1557.62
411,6,8,R,37360.28,4668.75,1552.63
412,6,9,R,37313.69,4668.75,1547.83
413,6,10,R,37267.09,4668.75,1543.22
414,6,11,R,37220.5,4668.75,1538.8
415,6,12,R,37173.91,4668.75,1534.6
416,6,13,R,37127.32,4668.75,1530.61
417,6,14,R,37080.73,4668.75,1526.85
418,6,15,R,37034.14,4668.75,1523.35
419,6,16,R,36987.55,4668.75,1520.11
420,6,17,R,36940.96,4668.75,1517.17
421,6,18,R,36894.37,4668.75,1514.56
422,6,19,R,36847.78,4668.75,1512.3
423,6,20,R,36801.19,4668.75,1510.44
424,6,21,R,36754.59,4668.75,1509.02
425,6,22,R,36708.0,4668.75,1508.1
426,6,23,R,36661.41,4668.75,1507.73
427,6,24,R,36614.82,4668.75,1507.99
428,6,25,R,36568.23,4668.75,1508.97
429,6,26,R,36521.64,4668.75,1510.79
430,6,27,R,36475.05,4668.75,1513.59
431,6,28,R,36428.46,4668.75,1517.58
432,6,29,R,36381.87,4668.75,1523.05
433,6,30,R,36335.28,4668.75,1530.48
434,6,31,R,36288.69,4668.75,1540.75
435,6,32,R,36242.09,4668.75,1556.13
436,6,33,R,36195.5,4668.75,1600.0
437,6,34,R,36242.09,4668.75,1643.87
438,6,35,R,36288.69,4668.75,1659.25
439,6,36,R,36335.28,4668.75,1669.52
440,6,37,R,36381.87,4668.75,1676.95
441,6,38,R,36428.46,4668.75,1682.42
442,6,39,R,36475.05,4668.75,1686.41
443,6,40,R,36521.64,4668.75,1689.21
444,6,41,R,36568.23,4668.75,1691.03
445,6,42,R,36614.82,4668.75,1692.01
446,6,43,R,36661.41,4668.75,1692.27
447,6,44,R,36708.0,4668.75,1691.9
448,6,45,R,36754.59,4668.75,1690.98
449,6,46,R,36801.19,4668.75,1689.56
450,6,47,R,36847.78,4668.75,1687.7
451,6,48,R,36894.37,4668.75,1685.44
452,6,49,R,36940.96,4668.75,1682.83
453,6,50,R,36987.55,4668.75,1679.89
454,6,51,R,37034.14,4668.75,1676.65
455,6,52,R,37080.73,4668.75,1673.15
456,6,53,R,37127.32,4668.75,1669.39
457,6,54,R,37173.91,4668.75,1665.4
458,6,55,R,37220.5,4668.75,1661.2
459,6,56,R,37267.09,4668.75,1656.78
460,6,57,R,37313.69,4668.75,1652.17
461,6,58,R,37360.28,4668.75,1647.37
462,6,59,R,37406.87,4668.75,1642.38
463,6,60,R,37453.46,4668.75,1637.2
464,6,61,R,37500.05,4668.75,1631.83
465,6,62,R,37546.64,4668.75,1626.27
466,6,63,R,37593.23,4668.75,1620.51
467,6,64,R,37639.82,4668.75,1614.54
468,6,65,R,37686.41,4668.75,1608.35
469,6,66,R,37733.0,4668.75,1601.94
470,7,0,R,37938.5,5446.88,1598.37
471,7,1,R,37899.3,5446.88,1592.97
472,7,2,R,37860.1,5446.88,1587.76
473,7,3,R,37820.89,5446.88,1582.74
474,7,4,R,37781.69,5446.88,1577.89
475,7,5,R,37742.48,5446.88,1573.21
476,7,6,R,37703.28,5446.88,1568.7
477,7,7,R,37664.07,5446.88,1564.34
478,7,8,R,37624.87,5446.88,1560.14
479,7,9,R,37585.66,5446.88,1556.1
480,7,10,R,37546.46,5446.88,1552.22
481,7,11,R,37507.25,5446.88,1548.5
482,7,12,R,37468.05,5446.88,1544.97
483,7,13,R,37428.85,5446.88,1541.61
484,7,14,R,37389.64,5446.88,1538.45
485,7,15,R,37350.44,5446.88,1535.5
486,7,16,R,37311.23,5446.88,1532.78
487,7,17,R,37272.03,5446.88,1530.3
488,7,18,R,37232.82,5446.88,1528.1
489,7,19,R,37193.62,5446.88,1526.2
490,7,20,R,37154.41,5446.88,1524.64
491,7,21,R,37115.21,5446.88,1523.44
492,7,22,R,37076.0,5446.88,1522.67
493,7,23,R,37036.8,5446.88,1522.36
494,7,24,R,36997.6,5446.88,1522.58
495,7,25,R,36958.39,5446.88,1523.4
496,7,26,R,36919.19,5446.88,1524.93
497,7,27,R,36879.98,5446.88,1527.29
498,7,28,R,36840.78,5446.88,1530.65
499,7,29,R,36801.57,5446.88,1535.25
500,7,30,R,36762.37,5446.88,1541.5
501,7,31,R,36723.16,5446.88,1550.14
502,7,32,R,36683.96,5446.88,1563.09
503,7,33,R,36644.75,5446.88,1600.0
504,7,34,R,36683.96,5446.88,1636.91
505,7,35,R,36723.16,5446.88,1649.86
506,7,36,R,36762.37,5446.88,1658.5
507,7,37,R,36801.57,5446.88,1664.75
508,7,38,R,36840.78,5446.88,1669.35
509,7,39,R,36879.98,5446.88,1672.71
510,7,40,R,36919.19,5446.88,1675.07
511,7,41,R,36958.39,5446.88,1676.6
512,7,42,R,36997.6,5446.88,1677.42
513,7,43,R,37036.8,5446.88,1677.64
514,7,44,R,37076.0,5446.88,1677.33
515,7,45,R,37115.21,5446.88,1676.56
516,7,46,R,37154.41,5446.88,1675.36
517,7,47,R,37193.62,5446.88,1673.8
518,7,48,R,37232.82,5446.88,1671.9
519,7,49,R,37272.03,5446.88,1669.7
520,7,50,R,37311.23,5446.88,1667.22
521,7,51,R,37350.44,5446.88,1664.5
522,7,52,R,37389.64,5446.88,1661.55
523,7,53,R,37428.85,5446.88,1658.39
524,7,54,R,37468.05,5446.88,1655.03
525,7,55,R,37507.25,5446.88,1651.5
526,7,56,R,37546.46,5446.88,1647.78
527,7,57,R,37585.66,5446.88,1643.9
528,7,58,R,37624.87,5446.88,1639.86
529,7,59,R,37664.07,5446.88,1635.66
530,7,60,R,37703.28,5446.88,1631.3
531,7,61,R,37742.48,5446.88,1626.79
532,7,62,R,37781.69,5446.88,1622.11
533,7,63,R,37820.89,5446.88,1617.26
534,7,64,R,37860.1,5446.88,1612.24
535,7,65,R,37899.3,5446.88,1607.03
536,7,66,R,37938.5,5446.88,1601.63
537,8,0,R,38144.01,6225.0,1598.68
538,8,1,R,38112.19,6225.0,1594.29
539,8,2,R,38080.37,6225.0,1590.07
540,8,3,R,38048.55,6225.0,1585.99
541,8,4,R,38016.73,6225.0,1582.06
542,8,5,R,37984.91,6225.0,1578.26
543,8,6,R,37953.1,6225.0,1574.59
544,8,7,R,37921.28,6225.0,1571.06
545,8,8,R,37889.46,6225.0,1567.65
546,8,9,R,37857.64,6225.0,1564.37
547,8,10,R,37825.82,6225.0,1561.22
548,8,11,R,37794.01,6225.0,1558.21
549,8,12,R,37762.19,6225.0,1555.33
550,8,13,R,37730.37,6225.0,1552.61
551,8,14,R,37698.55,6225.0,1550.05
552,8,15,R,37666.73,6225.0,1547.65
553,8,16,R,37634.91,6225.0,1545.44
554,8,17,R,37603.1,6225.0,1543.44
555,8,18,R,37571.28,6225.0,1541.65
556,8,19,R,37539.46,6225.0,1540.11
557,8,20,R,37507.64,6225.0,1538.84
558,8,21,R,37475.82,6225.0,1537.87
559,8,22,R,37444.01,6225.0,1537.24
560,8,23,R,37412.19,6225.0,1536.98
561,8,24,R,37380.37,6225.0,1537.16
562,8,25,R,37348.55,6225.0,1537.84
563,8,26,R,37316.73,6225.0,1539.08
564,8,27,R,37284.91,6225.0,1540.99
565,8,28,R,37253.1,6225.0,1543.72
566,8,29,R,37221.28,6225.0,1547.45
567,8,30,R,37189.46,6225.0,1552.52
568,8,31,R,37157.64,6225.0,1559.54
569,8,32,R,37125.82,6225.0,1570.04
570,8,33,R,37094.01,6225.0,1600.0
571,8,34,R,37125.82,6225.0,1629.96
572,8,35,R,37157.64,6225.0,1640.46
573,8,36,R,37189.46,6225.0,1647.48
574,8,37,R,37221.28,6225.0,1652.55
575,8,38,R,37253.1,6225.0,1656.28
576,8,39,R,37284.91,6225.0,1659.01
577,8,40,R,37316.73,6225.0,1660.92
578,8,41,R,37348.55,6225.0,1662.16
579,8,42,R,37380.37,6225.0,1662.84
580,8,43,R,37412.19,6225.0,1663.02
581,8,44,R,37444.01,6225.0,1662.76
582,8,45,R,37475.82,6225.0,1662.13
583,8,46,R,37507.64,6225.0,1661.16
584,8,47,R,37539.46,6225.0,1659.89
585,8,48,R,37571.28,6225.0,1658.35
586,8,49,R,37603.1,6225.0,1656.56
587,8,50,R,37634.91,6225.0,1654.56
588,8,51,R,37666.73,6225.0,1652.35
589,8,52,R,37698.55,6225.0,1649.95
590,8,53,R,37730.37,6225.0,1647.39
591,8,54,R,37762.19,6225.0,1644.67
592,8,55,R,37794.01,6225.0,1641.79
593,8,56,R,37825.82,6225.0,1638.78
594,8,57,R,37857.64,6225.0,1635.63
595,8,58,R,37889.46,6225.0,1632.35
596,8,59,R,37921.28,6225.0,1628.94
597,8,60,R,37953.1,6225.0,1625.41
598,8,61,R,37984.91,6225.0,1621.74
599,8,62,R,38016.73,6225.0,1617.94
600,8,63,R,38048.55,6225.0,1614.01
601,8,64,R,38080.37,6225.0,1609.93
602,8,65,R,38112.19,6225.0,1605.71
603,8,66,R,38144.01,6225.0,1601.32
604,9,0,L,36705.5,-778.12,1596.53
605,9,1,L,36621.98,-778.12,1585.02
606,9,2,L,36538.46,-778.12,1573.93
607,9,3,L,36454.93,-778.12,1563.23
608,9,4,L,36371.41,-778.12,1552.91
609,9,5,L,36287.89,-778.12,1542.94
610,9,6,L,36204.36,-778.12,1533.31
611,9,7,L,36120.84,-778.12,1524.03
612,9,8,L,36037.32,-778.12,1515.08
613,9,9,L,35953.8,-778.12,1506.47
614,9,10,L,35870.27,-778.12,1498.2
615,9,11,L,35786.75,-778.12,1490.29
616,9,12,L,35703.23,-778.12,1482.75
617,9,13,L,35619.71,-778.12,1475.6
618,9,14,L,35536.18,-778.12,1468.87
619,9,15,L,35452.66,-778.12,1462.59
620,9,16,L,35369.14,-778.12,1456.79
621,9,17,L,35285.61,-778.12,1451.52
622,9,18,L,35202.09,-778.12,1446.83
623,9,19,L,35118.57,-778.12,1442.78
624,9,20,L,35035.05,-778.12,1439.45
625,9,21,L,34951.52,-778.12,1436.9
626,9,22,L,34868.0,-778.12,1435.24
627,9,23,L,34784.48,-778.12,1434.58
628,9,24,L,34700.96,-778.12,1435.05
629,9,25,L,34617.43,-778.12,1436.82
630,9,26,L,34533.91,-778.12,1440.08
631,9,27,L,34450.39,-778.12,1445.1
632,9,28,L,34366.86,-778.12,1452.25
633,9,29,L,34283.34,-778.12,1462.06
634,9,30,L,34199.82,-778.12,1475.37
635,9,31,L,34116.3,-778.12,1493.79
636,9,32,L,34032.77,-778.12,1521.36
637,9,33,L,33949.25,-778.12,1600.0
638,9,34,L,34032.77,-778.12,1678.64
639,9,35,L,34116.3,-778.12,1706.21
640,9,36,L,34199.82,-778.12,1724.63
641,9,37,L,34283.34,-778.12,1737.94
642,9,38,L,34366.86,-778.12,1747.75
643,9,39,L,34450.39,-778.12,1754.9
644,9,40,L,34533.91,-778.12,1759.92
645,9,41,L,34617.43,-778.12,1763.18
646,9,42,L,34700.96,-778.12,1764.95
647,9,43,L,34784.48,-778.12,1765.42
648,9,44,L,34868.0,-778.12,1764.76
649,9,45,L,34951.52,-778.12,1763.1
650,9,46,L,35035.05,-778.12,1760.55
651,9,47,L,35118.57,-778.12,1757.22
652,9,48,L,35202.09,-778.12,1753.17
653,9,49,L,35285.61,-778.12,1748.48
654,9,50,L,35369.14,-778.12,1743.21
655,9,51,L,35452.66,-778.12,1737.41
656,9,52,L,35536.18,-778.12,1731.13
657,9,53,L,35619.71,-778.12,1724.4
658,9,54,L,35703.23,-778.12,1717.25
659,9,55,L,35786.75,-778.12,1709.71
660,9,56,L,35870.27,-778.12,1701.8
661,9,57,L,35953.8,-778.12,1693.53
662,9,58,L,36037.32,-778.12,1684.92
663,9,59,L,36120.84,-778.12,1675.97
664,9,60,L,36204.36,-778.12,1666.69
665,9,61,L,36287.89,-778.12,1657.06
666,9,62,L,36371.41,-778.12,1647.09
667,9,63,L,36454.93,-778.12,1636.77
668,9,64,L,36538.46,-778.12,1626.07
669,9,65,L,36621.98,-778.12,1614.98
670,9,66,L,36705.5,-778.12,1603.47
671,10,0,L,36911.0,-1556.25,1596.83
672,10,1,L,36834.86,-1556.25,1586.35
673,10,2,L,36758.73,-1556.25,1576.24
674,10,3,L,36682.59,-1556.25,1566.49
675,10,4,L,36606.46,-1556.25,1557.07
676,10,5,L,36530.32,-1556.25,1547.98
677,10,6,L,36454.18,-1556.25,1539.21
678,10,7,L,36378.05,-1556.25,1530.75
679,10,8,L,36301.91,-1556.25,1522.59
680,10,9,L,36225.77,-1556.25,1514.74
681,10,10,L,36149.64,-1556.25,1507.21
682,10,11,L,36073.5,-1556.25,1499.99
683,10,12,L,35997.36,-1556.25,1493.12
684,10,13,L,35921.23,-1556.25,1486.6
685,10,14,L,35845.09,-1556.25,1480.47
686,10,15,L,35768.96,-1556.25,1474.74
687,10,16,L,35692.82,-1556.25,1469.45
688,10,17,L,35616.68,-1556.25,1464.65
689,10,18,L,35540.55,-1556.25,1460.38
690,10,19,L,35464.41,-1556.25,1456.69
691,10,20,L,35388.27,-1556.25,1453.65
692,10,21,L,35312.14,-1556.25,1451.33
693,10,22,L,35236.0,-1556.25,1449.82
694,10,23,L,35159.86,-1556.25,1449.21
695,10,24,L,35083.73,-1556.25,1449.64
696,10,25,L,35007.59,-1556.25,1451.25
697,10,26,L,34931.46,-1556.25,1454.22
698,10,27,L,34855.32,-1556.25,1458.8
699,10,28,L,34779.18,-1556.25,1465.32
700,10,29,L,34703.05,-1556.25,1474.25
701,10,30,L,34626.91,-1556.25,1486.39
702,10,31,L,34550.77,-1556.25,1503.18
703,10,32,L,34474.64,-1556.25,1528.32
704,10,33,L,34398.5,-1556.25,1600.0
705,10,34,L,34474.64,-1556.25,1671.68
706,10,35,L,34550.77,-1556.25,1696.82
707,10,36,L,34626.91,-1556.25,1713.61
708,10,37,L,34703.05,-1556.25,1725.75
709,10,38,L,34779.18,-1556.25,1734.68
710,10,39,L,34855.32,-1556.25,1741.2
711,10,40,L,34931.46,-1556.25,1745.78
712,10,41,L,35007.59,-1556.25,1748.75
713,10,42,L,35083.73,-1556.25,1750.36
714,10,43,L,35159.86,-1556.25,1750.79
715,10,44,L,35236.0,-1556.25,1750.18
716,10,45,L,35312.14,-1556.25,1748.67
717,10,46,L,35388.27,-1556.25,1746.35
718,10,47,L,35464.41,-1556.25,1743.31
719,10,48,L,35540.55,-1556.25,1739.62
720,10,49,L,35616.68,-1556.25,1735.35
721,10,50,L,35692.82,-1556.25,1730.55
722,10,51,L,35768.96,-1556.25,1725.26
723,10,52,L,35845.09,-1556.25,1719.53
724,10,53,L,35921.23,-1556.25,1713.4
725,10,54,L,35997.36,-1556.25,1706.88
726,10,55,L,36073.5,-1556.25,1700.01
727,10,56,L,36149.64,-1556.25,1692.79
728,10,57,L,36225.77,-1556.25,1685.26
729,10,58,L,36301.91,-1556.25,1677.41
730,10,59,L,36378.05,-1556.25,1669.25
731,10,60,L,36454.18,-1556.25,1660.79
732,10,61,L,36530.32,-1556.25,1652.02
733,10,62,L,36606.46,-1556.25,1642.93
734,10,63,L,36682.59,-1556.25,1633.51
735,10,64,L,36758.73,-1556.25,1623.76
736,10,65,L,36834.86,-1556.25,1613.65
737,10,66,L,36911.0,-1556.25,1603.17
738,11,0,L,37116.5,-2334.38,1597.14
739,11,1,L,37047.75,-2334.38,1587.67
740,11,2,L,36979.0,-2334.38,1578.54
741,11,3,L,36910.25,-2334.38,1569.74
742,11,4,L,36841.5,-2334.38,1561.24
743,11,5,L,36772.75,-2334.38,1553.03
744,11,6,L,36704.0,-2334.38,1545.11
745,11,7,L,36635.25,-2334.38,1537.46
746,11,8,L,36566.5,-2334.38,1530.1
747,11,9,L,36497.75,-2334.38,1523.01
748,11,10,L,36429.0,-2334.38,1516.21
749,11,11,L,36360.25,-2334.38,1509.7
750,11,12,L,36291.5,-2334.38,1503.49
751,11,13,L,36222.75,-2334.38,1497.61
752,11,14,L,36154.0,-2334.38,1492.06
753,11,15,L,36085.25,-2334.38,1486.89
754,11,16,L,36016.5,-2334.38,1482.12
755,11,17,L,35947.75,-2334.38,1477.78
756,11,18,L,35879.0,-2334.38,1473.92
757,11,19,L,35810.25,-2334.38,1470.59
758,11,20,L,35741.5,-2334.38,1467.84
759,11,21,L,35672.75,-2334.38,1465.75
760,11,22,L,35604.0,-2334.38,1464.39
761,11,23,L,35535.25,-2334.38,1463.84
762,11,24,L,35466.5,-2334.38,1464.23
763,11,25,L,35397.75,-2334.38,1465.68
764,11,26,L,35329.0,-2334.38,1468.36
765,11,27,L,35260.25,-2334.38,1472.5
766,11,28,L,35191.5,-2334.38,1478.38
767,11,29,L,35122.75,-2334.38,1486.45
768,11,30,L,35054.0,-2334.38,1497.41
769,11,31,L,34985.25,-2334.38,1512.57
770,11,32,L,34916.5,-2334.38,1535.27
771,11,33,L,34847.75,-2334.38,1600.0
772,11,34,L,34916.5,-2334.38,1664.73
773,11,35,L,34985.25,-2334.38,1687.43
774,11,36,L,35054.0,-2334.38,1702.59
775,11,37,L,35122.75,-2334.38,1713.55
776,11,38,L,35191.5,-2334.38,1721.62
777,11,39,L,35260.25,-2334.38,1727.5
778,11,40,L,35329.0,-2334.38,1731.64
779,11,41,L,35397.75,-2334.38,1734.32
780,11,42,L,35466.5,-2334.38,1735.77
781,11,43,L,35535.25,-2334.38,1736.16
782,11,44,L,35604.0,-2334.38,1735.61
783,11,45,L,35672.75,-2334.38,1734.25
784,11,46,L,35741.5,-2334.38,1732.16
785,11,47,L,35810.25,-2334.38,1729.41
786,11,48,L,35879.0,-2334.38,1726.08
787,11,49,L,35947.75,-2334.38,1722.22
788,11,50,L,36016.5,-2334.38,1717.88
789,11,51,L,36085.25,-2334.38,1713.11
790,11,52,L,36154.0,-2334.38,1707.94
791,11,53,L,36222.75,-2334.38,1702.39
792,11,54,L,36291.5,-2334.38,1696.51
793,11,55,L,36360.25,-2334.38,1690.3
794,11,56,L,36429.0,-2334.38,1683.79
795,11,57,L,36497.75,-2334.38,1676.99
796,11,58,L,36566.5,-2334.38,1669.9
797,11,59,L,36635.25,-2334.38,1662.54
798,11,60,L,36704.0,-2334.38,1654.89
799,11,61,L,36772.75,-2334.38,1646.97
800,11,62,L,36841.5,-2334.38,1638.76
801,11,63,L,36910.25,-2334.38,1630.26
802,11,64,L,36979.0,-2334.38,1621.46
803,11,65,L,37047.75,-2334.38,1612.33
804,11,66,L,37116.5,-2334.38,1602.86
805,12,0,L,37322.0,-3112.5,1597.45
806,12,1,L,37260.64,-3112.5,1589.0
807,12,2,L,37199.28,-3112.5,1580.85
808,12,3,L,37137.91,-3112.5,1572.99
809,12,4,L,37076.55,-3112.5,1565.4
810,12,5,L,37015.18,-3112.5,1558.08
811,12,6,L,36953.82,-3112.5,1551.0
812,12,7,L,36892.46,-3112.5,1544.18
813,12,8,L,36831.09,-3112.5,1537.61
814,12,9,L,36769.73,-3112.5,1531.28
815,12,10,L,36708.37,-3112.5,1525.21
816,12,11,L,36647.0,-3112.5,1519.4
817,12,12,L,36585.64,-3112.5,1513.86
818,12,13,L,36524.28,-3112.5,1508.61
819,12,14,L,36462.91,-3112.5,1503.66
820,12,15,L,36401.55,-3112.5,1499.04
821,12,16,L,36340.18,-3112.5,1494.78
822,12,17,L,36278.82,-3112.5,1490.91
823,12,18,L,36217.46,-3112.5,1487.47
824,12,19,L,36156.09,-3112.5,1484.49
825,12,20,L,36094.73,-3112.5,1482.04
826,12,21,L,36033.37,-3112.5,1480.17
827,12,22,L,35972.0,-3112.5,1478.96
828,12,23,L,35910.64,-3112.5,1478.47
829,12,24,L,35849.28,-3112.5,1478.81
830,12,25,L,35787.91,-3112.5,1480.11
831,12,26,L,35726.55,-3112.5,1482.51
832,12,27,L,35665.18,-3112.5,1486.2
833,12,28,L,35603.82,-3112.5,1491.45
834,12,29,L,35542.46,-3112.5,1498.65
835,12,30,L,35481.09,-3112.5,1508.43
836,12,31,L,35419.73,-3112.5,1521.97
837,12,32,L,35358.37,-3112.5,1542.23
838,12,33,L,35297.0,-3112.5,1600.0
839,12,34,L,35358.37,-3112.5,1657.77
840,12,35,L,35419.73,-3112.5,1678.03
841,12,36,L,35481.09,-3112.5,1691.57
842,12,37,L,35542.46,-3112.5,1701.35
843,12,38,L,35603.82,-3112.5,1708.55
844,12,39,L,35665.18,-3112.5,1713.8
845,12,40,L,35726.55,-3112.5,1717.49
846,12,41,L,35787.91,-3112.5,1719.89
847,12,42,L,35849.28,-3112.5,1721.19
848,12,43,L,35910.64,-3112.5,1721.53
849,12,44,L,35972.0,-3112.5,1721.04
850,12,45,L,36033.37,-3112.5,1719.83
851,12,46,L,36094.73,-3112.5,1717.96
852,12,47,L,36156.09,-3112.5,1715.51
853,12,48,L,36217.46,-3112.5,1712.53
854,12,49,L,36278.82,-3112.5,1709.09
855,12,50,L,36340.18,-3112.5,1705.22
856,12,51,L,36401.55,-3112.5,1700.96
857,12,52,L,36462.91,-3112.5,1696.34
858,12,53,L,36524.28,-3112.5,1691.39
859,12,54,L,36585.64,-3112.5,1686.14
860,12,55,L,36647.0,-3112.5,1680.6
861,12,56,L,36708.37,-3112.5,1674.79
862,12,57,L,36769.73,-3112.5,1668.72
863,12,58,L,36831.09,-3112.5,1662.39
864,12,59,L,36892.46,-3112.5,1655.82
865,12,60,L,36953.82,-3112.5,1649.0
866,12,61,L,37015.18,-3112.5,1641.92
867,12,62,L,37076.55,-3112.5,1634.6
868,12,63,L,37137.91,-3112.5,1627.01
869,12,64,L,37199.28,-3112.5,1619.15
870,12,65,L,37260.64,-3112.5,1611.0
871,12,66,L,37322.0,-3112.5,1602.55
872,13,0,L,37527.5,-3890.62,1597.76
873,13,1,L,37473.53,-3890.62,1590.32
874,13,2,L,37419.55,-3890.62,1583.15
875,13,3,L,37365.57,-3890.62,1576.24
876,13,4,L,37311.59,-3890.62,1569.57
877,13,5,L,37257.62,-3890.62,1563.12
878,13,6,L,37203.64,-3890.62,1556.9
879,13,7,L,37149.66,-3890.62,1550.9
880,13,8,L,37095.69,-3890.62,1545.12
881,13,9,L,37041.71,-3890.62,1539.55
882,13,10,L,36987.73,-3890.62,1534.21
883,13,11,L,36933.75,-3890.62,1529.1
884,13,12,L,36879.78,-3890.62,1524.23
885,13,13,L,36825.8,-3890.62,1519.61
886,13,14,L,36771.82,-3890.62,1515.26
887,13,15,L,36717.84,-3890.62,1511.2
888,13,16,L,36663.87,-3890.62,1507.45
889,13,17,L,36609.89,-3890.62,1504.04
890,13,18,L,36555.91,-3890.62,1501.01
891,13,19,L,36501.94,-3890.62,1498.4
892,13,20,L,36447.96,-3890.62,1496.24
893,13,21,L,36393.98,-3890.62,1494.6
894,13,22,L,36340.0,-3890.62,1493.53
895,13,23,L,36286.03,-3890.62,1493.1
896,13,24,L,36232.05,-3890.62,1493.4
897,13,25,L,36178.07,-3890.62,1494.54
898,13,26,L,36124.09,-3890.62,1496.65
899,13,27,L,36070.12,-3890.62,1499.9
900,13,28,L,36016.14,-3890.62,1504.52
901,13,29,L,35962.16,-3890.62,1510.85
902,13,30,L,35908.19,-3890.62,1519.45
903,13,31,L,35854.21,-3890.62,1531.36
904,13,32,L,35800.23,-3890.62,1549.18
905,13,33,L,35746.25,-3890.62,1600.0
906,13,34,L,35800.23,-3890.62,1650.82
907,13,35,L,35854.21,-3890.62,1668.64
908,13,36,L,35908.19,-3890.62,1680.55
909,13,37,L,35962.16,-3890.62,1689.15
910,13,38,L,36016.14,-3890.62,1695.48
911,13,39,L,36070.12,-3890.62,1700.1
912,13,40,L,36124.09,-3890.62,1703.35
913,13,41,L,36178.07,-3890.62,1705.46
914,13,42,L,36232.05,-3890.62,1706.6
915,13,43,L,36286.03,-3890.62,1706.9
916,13,44,L,36340.0,-3890.62,1706.47
917,13,45,L,36393.98,-3890.62,1705.4
918,13,46,L,36447.96,-3890.62,1703.76
919,13,47,L,36501.94,-3890.62,1701.6
920,13,48,L,36555.91,-3890.62,1698.99
921,13,49,L,36609.89,-3890.62,1695.96
922,13,50,L,36663.87,-3890.62,1692.55
923,13,51,L,36717.84,-3890.62,1688.8
924,13,52,L,36771.82,-3890.62,1684.74
925,13,53,L,36825.8,-3890.62,1680.39
926,13,54,L,36879.78,-3890.62,1675.77
927,13,55,L,36933.75,-3890.62,1670.9
928,13,56,L,36987.73,-3890.62,1665.79
929,13,57,L,37041.71,-3890.62,1660.45
930,13,58,L,37095.69,-3890.62,1654.88
931,13,59,L,37149.66,-3890.62,1649.1
932,13,60,L,37203.64,-3890.62,1643.1
933,13,61,L,37257.62,-3890.62,1636.88
934,13,62,L,37311.59,-3890.62,1630.43
935,13,63,L,37365.57,-3890.62,1623.76
936,13,64,L,37419.55,-3890.62,1616.85
937,13,65,L,37473.53,-3890.62,1609.68
938,13,66,L,37527.5,-3890.62,1602.24
939,14,0,L,37733.0,-4668.75,1598.06
940,14,1,L,37686.41,-4668.75,1591.65
941,14,2,L,37639.82,-4668.75,1585.46
942,14,3,L,37593.23,-4668.75,1579.49
943,14,4,L,37546.64,-4668.75,1573.73
944,14,5,L,37500.05,-4668.75,1568.17
945,14,6,L,37453.46,-4668.75,1562.8
946,14,7,L,37406.87,-4668.75,1557.62
947,14,8,L,37360.28,-4668.75,1552.63
948,14,9,L,37313.69,-4668.75,1547.83
949,14,10,L,37267.09,-4668.75,1543.22
950,14,11,L,37220.5,-4668.75,1538.8
951,14,12,L,37173.91,-4668.75,1534.6
952,14,13,L,37127.32,-4668.75,1530.61
953,14,14,L,37080.73,-4668.75,1526.85
954,14,15,L,37034.14,-4668.75,1523.35
955,14,16,L,36987.55,-4668.75,1520.11
956,14,17,L,36940.96,-4668.75,1517.17
957,14,18,L,36894.37,-4668.75,1514.56
958,14,19,L,36847.78,-4668.75,1512.3
959,14,20,L,36801.19,-4668.75,1510.44
960,14,21,L,36754.59,-4668.75,1509.02
961,14,22,L,36708.0,-4668.75,1508.1
962,14,23,L,36661.41,-4668.75,1507.73
963,14,24,L,36614.82,-4668.75,1507.99
964,14,25,L,36568.23,-4668.75,1508.97
965,14,26,L,36521.64,-4668.75,1510.79
966,14,27,L,36475.05,-4668.75,1513.59
967,14,28,L,36428.46,-4668.75,1517.58
968,14,29,L,36381.87,-4668.75,1523.05
969,14,30,L,36335.28,-4668.75,1530.48
970,14,31,L,36288.69,-4668.75,1540.75
971,14,32,L,36242.09,-4668.75,1556.13
972,14,33,L,36195.5,-4668.75,1600.0
973,14,34,L,36242.09,-4668.75,1643.87
974,14,35,L,36288.69,-4668.75,1659.25
975,14,36,L,36335.28,-4668.75,1669.52
976,14,37,L,36381.87,-4668.75,1676.95
977,14,38,L,36428.46,-4668.75,1682.42
978,14,39,L,36475.05,-4668.75,1686.41
979,14,40,L,36521.64,-4668.75,1689.21
980,14,41,L,36568.23,-4668.75,1691.03
981,14,42,L,36614.82,-4668.75,1692.01
982,14,43,L,36661.41,-4668.75,1692.27
983,14,44,L,36708.0,-4668.75,1691.9
984,14,45,L,36754.59,-4668.75,1690.98
985,14,46,L,36801.19,-4668.75,1689.56
986,14,47,L,36847.78,-4668.75,1687.7
987,14,48,L,36894.37,-4668.75,1685.44
988,14,49,L,36940.96,-4668.75,1682.83
989,14,50,L,36987.55,-4668.75,1679.89
990,14,51,L,37034.14,-4668.75,1676.65
991,14,52,L,37080.73,-4668.75,1673.15
992,14,53,L,37127.32,-4668.75,1669.39
993,14,54,L,37173.91,-4668.75,1665.4
994,14,55,L,37220.5,-4668.75,1661.2
995,14,56,L,37267.09,-4668.75,1656.78
996,14,57,L,37313.69,-4668.75,1652.17
997,14,58,L,37360.28,-4668.75,1647.37
998,14,59,L,37406.87,-4668.75,1642.38
999,14,60,L,37453.46,-4668.75,1637.2
1000,14,61,L,37500.05,-4668.75,1631.83
1001,14,62,L,37546.64,-4668.75,1626.27
1002,14,63,L,37593.23,-4668.75,1620.51
1003,14,64,L,37639.82,-4668.75,1614.54
1004,14,65,L,37686.41,-4668.75,1608.35
1005,14,66,L,37733.0,-4668.75,1601.94
1006,15,0,L,37938.5,-5446.88,1598.37
1007,15,1,L,37899.3,-5446.88,1592.97
1008,15,2,L,37860.1,-5446.88,1587.76
1009,15,3,L,37820.89,-5446.88,1582.74
1010,15,4,L,37781.69,-5446.88,1577.89
1011,15,5,L,37742.48,-5446.88,1573.21
1012,15,6,L,37703.28,-5446.88,1568.7
1013,15,7,L,37664.07,-5446.88,1564.34
1014,15,8,L,37624.87,-5446.88,1560.14
1015,15,9,L,37585.66,-5446.88,1556.1
1016,15,10,L,37546.46,-5446.88,1552.22
1017,15,11,L,37507.25,-5446.88,1548.5
1018,15,12,L,37468.05,-5446.88,1544.97
1019,15,13,L,37428.85,-5446.88,1541.61
1020,15,14,L,37389.64,-5446.88,1538.45
1021,15,15,L,37350.44,-5446.88,1535.5
1022,15,16,L,37311.23,-5446.88,1532.78
1023,15,17,L,37272.03,-5446.88,1530.3
1024,15,18,L,37232.82,-5446.88,1528.1
1025,15,19,L,37193.62,-5446.88,1526.2
1026,15,20,L,37154.41,-5446.88,1524.64
1027,15,21,L,37115.21,-5446.88,1523.44
1028,15,22,L,37076.0,-5446.88,1522.67
1029,15,23,L,37036.8,-5446.88,1522.36
1030,15,24,L,36997.6,-5446.88,1522.58
1031,15,25,L,36958.39,-5446.88,1523.4
1032,15,26,L,36919.19,-5446.88,1524.93
1033,15,27,L,36879.98,-5446.88,1527.29
1034,15,28,L,36840.78,-5446.88,1530.65
1035,15,29,L,36801.57,-5446.88,1535.25
1036,15,30,L,36762.37,-5446.88,1541.5
1037,15,31,L,36723.16,-5446.88,1550.14
1038,15,32,L,36683.96,-5446.88,1563.09
1039,15,33,L,36644.75,-5446.88,1600.0
1040,15,34,L,36683.96,-5446.88,1636.91
1041,15,35,L,36723.16,-5446.88,1649.86
1042,15,36,L,36762.37,-5446.88,1658.5
1043,15,37,L,36801.57,-5446.88,1664.75
1044,15,38,L,36840.78,-5446.88,1669.35
1045,15,39,L,36879.98,-5446.88,1672.71
1046,15,40,L,36919.19,-5446.88,1675.07
1047,15,41,L,36958.39,-5446.88,1676.6
1048,15,42,L,36997.6,-5446.88,1677.42
1049,15,43,L,37036.8,-5446.88,1677.64
1050,15,44,L,37076.0,-5446.88,1677.33
1051,15,45,L,37115.21,-5446.88,1676.56
1052,15,46,L,37154.41,-5446.88,1675.36
1053,15,47,L,37193.62,-5446.88,1673.8
1054,15,48,L,37232.82,-5446.88,1671.9
1055,15,49,L,37272.03,-5446.88,1669.7
1056,15,50,L,37311.23,-5446.88,1667.22
1057,15,51,L,37350.44,-5446.88,1664.5
1058,15,52,L,37389.64,-5446.88,1661.55
1059,15,53,L,37428.85,-5446.88,1658.39
1060,15,54,L,37468.05,-5446.88,1655.03
1061,15,55,L,37507.25,-5446.88,1651.5
1062,15,56,L,37546.46,-5446.88,1647.78
1063,15,57,L,37585.66,-5446.88,1643.9
1064,15,58,L,37624.87,-5446.88,1639.86
1065,15,59,L,37664.07,-5446.88,1635.66
1066,15,60,L,37703.28,-5446.88,1631.3
1067,15,61,L,37742.48,-5446.88,1626.79
1068,15,62,L,37781.69,-5446.88,1622.11
1069,15,63,L,37820.89,-5446.88,1617.26
1070,15,64,L,37860.1,-5446.88,1612.24
1071,15,65,L,37899.3,-5446.88,1607.03
1072,15,66,L,37938.5,-5446.88,1601.63
1073,16,0,L,38144.01,-6225.0,1598.68
1074,16,1,L,38112.19,-6225.0,1594.29
1075,16,2,L,38080.37,-6225.0,1590.07
1076,16,3,L,38048.55,-6225.0,1585.99
1077,16,4,L,38016.73,-6225.0,1582.06
1078,16,5,L,37984.91,-6225.0,1578.26
1079,16,6,L,37953.1,-6225.0,1574.59
1080,16,7,L,37921.28,-6225.0,1571.06
1081,16,8,L,37889.46,-6225.0,1567.65
1082,16,9,L,37857.64,-6225.0,1564.37
1083,16,10,L,37825.82,-6225.0,1561.22
1084,16,11,L,37794.01,-6225.0,1558.21
1085,16,12,L,37762.19,-6225.0,1555.33
1086,16,13,L,37730.37,-6225.0,1552.61
1087,16,14,L,37698.55,-6225.0,1550.05
1088,16,15,L,37666.73,-6225.0,1547.65
1089,16,16,L,37634.91,-6225.0,1545.44
1090,16,17,L,37603.1,-6225.0,1543.44
1091,16,18,L,37571.28,-6225.0,1541.65
1092,16,19,L,37539.46,-6225.0,1540.11
1093,16,20,L,37507.64,-6225.0,1538.84
1094,16,21,L,37475.82,-6225.0,1537.87
1095,16,22,L,37444.01,-6225.0,1537.24
1096,16,23,L,37412.19,-6225.0,1536.98
1097,16,24,L,37380.37,-6225.0,1537.16
1098,16,25,L,37348.55,-6225.0,1537.84
1099,16,26,L,37316.73,-6225.0,1539.08
1100,16,27,L,37284.91,-6225.0,1540.99
1101,16,28,L,37253.1,-6225.0,1543.72
1102,16,29,L,37221.28,-6225.0,1547.45
1103,16,30,L,37189.46,-6225.0,1552.52
1104,16,31,L,37157.64,-6225.0,1559.54
1105,16,32,L,37125.82,-6225.0,1570.04
1106,16,33,L,37094.01,-6225.0,1600.0
1107,16,34,L,37125.82,-6225.0,1629.96
1108,16,35,L,37157.64,-6225.0,1640.46
1109,16,36,L,37189.46,-6225.0,1647.48
1110,16,37,L,37221.28,-6225.0,1652.55
1111,16,38,L,37253.1,-6225.0,1656.28
1112,16,39,L,37284.91,-6225.0,1659.01
1113,16,40,L,37316.73,-6225.0,1660.92
1114,16,41,L,37348.55,-6225.0,1662.16
1115,16,42,L,37380.37,-6225.0,1662.84
1116,16,43,L,37412.19,-6225.0,1663.02
1117,16,44,L,37444.01,-6225.0,1662.76
1118,16,45,L,37475.82,-6225.0,1662.13
1119,16,46,L,37507.64,-6225.0,1661.16
1120,16,47,L,37539.46,-6225.0,1659.89
1121,16,48,L,37571.28,-6225.0,1658.35
1122,16,49,L,37603.1,-6225.0,1656.56
1123,16,50,L,37634.91,-6225.0,1654.56
1124,16,51,L,37666.73,-6225.0,1652.35
1125,16,52,L,37698.55,-6225.0,1649.95
1126,16,53,L,37730.37,-6225.0,1647.39
1127,16,54,L,37762.19,-6225.0,1644.67
1128,16,55,L,37794.01,-6225.0,1641.79
1129,16,56,L,37825.82,-6225.0,1638.78
1130,16,57,L,37857.64,-6225.0,1635.63
1131,16,58,L,37889.46,-6225.0,1632.35
1132,16,59,L,37921.28,-6225.0,1628.94
1133,16,60,L,37953.1,-6225.0,1625.41
1134,16,61,L,37984.91,-6225.0,1621.74
1135,16,62,L,38016.73,-6225.0,1617.94
1136,16,63,L,38048.55,-6225.0,1614.01
1137,16,64,L,38080.37,-6225.0,1609.93
1138,16,65,L,38112.19,-6225.0,1605.71
1139,16,66,L,38144.01,-6225.0,1601.32
